{"accuracy": 0.8100558659217877, "precision": 0.8094525371714324, "recall": 0.8100558659217877, "f1": 0.8096508415986693}